{"assetType":"edge","uniqueID":"269fd8bac55d4be7bfa57fe886b2b0be","rootFolder":"project.f2f_crmbackend_269fd8bac55d4be7bfa57fe886b2b0be_export","projectAlias":"pkg_269fd8bac55d4be7bfa57fe886b2b0be_exported","services":[{"serviceFullName":"project.f2f_crmbackend_269fd8bac55d4be7bfa57fe886b2b0be_export.integrations:addCustomer","name":"addCustomer","edgeServer":null,"referenced":{"type":"flow","name":"addCustomer","nsName":"project.f2f_crmbackend_269fd8bac55d4be7bfa57fe886b2b0be_export.integrations:addCustomer","newServiceName":null,"resolved":false,"operation":null,"reference":[{"type":"record","name":"customer","nsName":"project.f2f_crmbackend_269fd8bac55d4be7bfa57fe886b2b0be_export.documenttypes:customer","newServiceName":null,"resolved":false,"operation":null,"reference":null,"referencedBy":null},{"type":"flow","name":"createCustomer","nsName":"wxhybridsimulator.service.customer:createCustomer","newServiceName":null,"resolved":false,"operation":null,"reference":[{"type":"record","name":"customer","nsName":"wxhybridsimulator.doc:customer","newServiceName":null,"resolved":false,"operation":null,"reference":null,"referencedBy":null},{"type":"java","name":"queryTable","nsName":"wxhybridsimulator.admin.db:queryTable","newServiceName":null,"resolved":false,"operation":null,"reference":null,"referencedBy":null}],"referencedBy":null}],"referencedBy":null}}]}