{"assetType":"edge","uniqueID":"f186e129d28d4d7cb5665a51bbe049d8","rootFolder":"project.f2f_crmbackend_f186e129d28d4d7cb5665a51bbe049d8_export","projectAlias":"pkg_f186e129d28d4d7cb5665a51bbe049d8_exported","services":[{"serviceFullName":"project.f2f_crmbackend_f186e129d28d4d7cb5665a51bbe049d8_export.integrations:validateCustomer","name":"validateCustomer","edgeServer":null,"referenced":{"type":"flow","name":"validateCustomer","nsName":"project.f2f_crmbackend_f186e129d28d4d7cb5665a51bbe049d8_export.integrations:validateCustomer","newServiceName":null,"resolved":false,"operation":null,"reference":[{"type":"record","name":"customer","nsName":"project.f2f_crmbackend_f186e129d28d4d7cb5665a51bbe049d8_export.documenttypes:customer","newServiceName":null,"resolved":false,"operation":null,"reference":null,"referencedBy":null},{"type":"flow","name":"validateCustomer","nsName":"wxhybridsimulator.service.customer:validateCustomer","newServiceName":null,"resolved":false,"operation":null,"reference":[{"type":"record","name":"customer","nsName":"wxhybridsimulator.doc:customer","newServiceName":null,"resolved":false,"operation":null,"reference":null,"referencedBy":null},{"type":"java","name":"validateDocument","nsName":"wxhybridsimulator.service.util:validateDocument","newServiceName":null,"resolved":false,"operation":null,"reference":null,"referencedBy":null}],"referencedBy":null}],"referencedBy":null}}]}