{"assetType":"edge","uniqueID":"4ee509a14ffe4bbb8339ff12b2ab2555","rootFolder":"project.f2f_crmbackend_4ee509a14ffe4bbb8339ff12b2ab2555_export","projectAlias":"pkg_4ee509a14ffe4bbb8339ff12b2ab2555_exported","services":[{"serviceFullName":"project.f2f_crmbackend_4ee509a14ffe4bbb8339ff12b2ab2555_export.integrations:deleteCustomer","name":"deleteCustomer","edgeServer":null,"referenced":{"type":"flow","name":"deleteCustomer","nsName":"project.f2f_crmbackend_4ee509a14ffe4bbb8339ff12b2ab2555_export.integrations:deleteCustomer","newServiceName":null,"resolved":false,"operation":null,"reference":[{"type":"flow","name":"deleteCustomer","nsName":"wxhybridsimulator.service.customer:deleteCustomer","newServiceName":null,"resolved":false,"operation":null,"reference":[{"type":"java","name":"queryTable","nsName":"wxhybridsimulator.admin.db:queryTable","newServiceName":null,"resolved":false,"operation":null,"reference":null,"referencedBy":null}],"referencedBy":null}],"referencedBy":null}}]}