{"assetType":"edge","uniqueID":"ca17e7d12893468cba33cce67cffab1b","rootFolder":"project.f2f_crmbackend_ca17e7d12893468cba33cce67cffab1b_export","projectAlias":"pkg_ca17e7d12893468cba33cce67cffab1b_exported","services":[{"serviceFullName":"project.f2f_crmbackend_ca17e7d12893468cba33cce67cffab1b_export.integrations:getCustomers","name":"getCustomers","edgeServer":null,"referenced":{"type":"flow","name":"getCustomers","nsName":"project.f2f_crmbackend_ca17e7d12893468cba33cce67cffab1b_export.integrations:getCustomers","newServiceName":null,"resolved":false,"operation":null,"reference":[{"type":"record","name":"customer","nsName":"project.f2f_crmbackend_ca17e7d12893468cba33cce67cffab1b_export.documenttypes:customer","newServiceName":null,"resolved":false,"operation":null,"reference":null,"referencedBy":null},{"type":"flow","name":"searchCustomer","nsName":"wxhybridsimulator.service.customer:searchCustomer","newServiceName":null,"resolved":false,"operation":null,"reference":[{"type":"record","name":"customer","nsName":"wxhybridsimulator.doc:customer","newServiceName":null,"resolved":false,"operation":null,"reference":null,"referencedBy":null},{"type":"java","name":"queryTable","nsName":"wxhybridsimulator.admin.db:queryTable","newServiceName":null,"resolved":false,"operation":null,"reference":null,"referencedBy":null}],"referencedBy":null},{"type":"flow","name":"readCustomers","nsName":"wxhybridsimulator.service.customer:readCustomers","newServiceName":null,"resolved":false,"operation":null,"reference":[{"type":"record","name":"customer","nsName":"wxhybridsimulator.doc:customer","newServiceName":null,"resolved":false,"operation":null,"reference":null,"referencedBy":null},{"type":"java","name":"queryTable","nsName":"wxhybridsimulator.admin.db:queryTable","newServiceName":null,"resolved":false,"operation":null,"reference":null,"referencedBy":null}],"referencedBy":null}],"referencedBy":null}}]}