{"assetType":"edge","uniqueID":"34e7d32f2a494c3f92e6c4c6ce86c57f","rootFolder":"project.f2f_crmbackend_34e7d32f2a494c3f92e6c4c6ce86c57f_export","projectAlias":"pkg_34e7d32f2a494c3f92e6c4c6ce86c57f_exported","services":[{"serviceFullName":"project.f2f_crmbackend_34e7d32f2a494c3f92e6c4c6ce86c57f_export.integrations:getCustomer","name":"getCustomer","edgeServer":null,"referenced":{"type":"flow","name":"getCustomer","nsName":"project.f2f_crmbackend_34e7d32f2a494c3f92e6c4c6ce86c57f_export.integrations:getCustomer","newServiceName":null,"resolved":false,"operation":null,"reference":[{"type":"record","name":"customer","nsName":"project.f2f_crmbackend_34e7d32f2a494c3f92e6c4c6ce86c57f_export.documenttypes:customer","newServiceName":null,"resolved":false,"operation":null,"reference":null,"referencedBy":null},{"type":"flow","name":"readCustomer","nsName":"wxhybridsimulator.service.customer:readCustomer","newServiceName":null,"resolved":false,"operation":null,"reference":[{"type":"record","name":"customer","nsName":"wxhybridsimulator.doc:customer","newServiceName":null,"resolved":false,"operation":null,"reference":null,"referencedBy":null},{"type":"java","name":"queryTable","nsName":"wxhybridsimulator.admin.db:queryTable","newServiceName":null,"resolved":false,"operation":null,"reference":null,"referencedBy":null}],"referencedBy":null}],"referencedBy":null}}]}