{"assetType":"edge","uniqueID":"ad2d5eba2dad43fba50ef8f32a6f7780","rootFolder":"project.f2f_crmbackend_ad2d5eba2dad43fba50ef8f32a6f7780_export","projectAlias":"pkg_ad2d5eba2dad43fba50ef8f32a6f7780_exported","services":[{"serviceFullName":"project.f2f_crmbackend_ad2d5eba2dad43fba50ef8f32a6f7780_export.integrations:updateCustomer","name":"updateCustomer","edgeServer":null,"referenced":{"type":"flow","name":"updateCustomer","nsName":"project.f2f_crmbackend_ad2d5eba2dad43fba50ef8f32a6f7780_export.integrations:updateCustomer","newServiceName":null,"resolved":false,"operation":null,"reference":[{"type":"record","name":"customer","nsName":"project.f2f_crmbackend_ad2d5eba2dad43fba50ef8f32a6f7780_export.documenttypes:customer","newServiceName":null,"resolved":false,"operation":null,"reference":null,"referencedBy":null},{"type":"flow","name":"updateCustomer","nsName":"wxhybridsimulator.service.customer:updateCustomer","newServiceName":null,"resolved":false,"operation":null,"reference":[{"type":"record","name":"customer","nsName":"wxhybridsimulator.doc:customer","newServiceName":null,"resolved":false,"operation":null,"reference":null,"referencedBy":null},{"type":"java","name":"queryTable","nsName":"wxhybridsimulator.admin.db:queryTable","newServiceName":null,"resolved":false,"operation":null,"reference":null,"referencedBy":null}],"referencedBy":null}],"referencedBy":null}}]}